<?xml version="1.0" encoding="utf-8" ?>
<config>
	<include>
       <property name="mapping">mapping.xml</property>
       <property name="loop">false</property>
    </include>
	<!-- 100: db 200:file(200:local file , 201: ftp file) 300:socket 400:others -->
	<ds id="1" type="100">
		<property name="url">jdbc:oracle:thin:@192.168.15.223:1521:ora10</property>
		<property name="driver">oracle.jdbc.driver.OracleDriver</property>
		<property name="username">noapjs</property>
		<property name="password">uwaysoft2009</property>
	</ds>
	<!-- to 与  resolve 是一对多关系, package为可选标签 -->

	<to id="1">
		<resolve dsid="1">
			<mapping name="重庆联通基础数据_GSM_%%Y.%%M.%%D.csv.zip" templet="重庆联通基础数据_GSM.ftl">
				<sql>
					select LAC,
       CELL_NUM,
       CI,
       CASE WHEN CELL_FRES=1 THEN 
            '900M'
            WHEN CELL_FRES=2 THEN 
            '1800M'
            ELSE 
            ''
       END AS CELL_FRES
       ,
       CI,
       BCCH,
       BSIC,
       TCHLIST,
       LONGITUDE,
       LATITUDE,
       ALTITUDE,
       SITEROOM,
       COVERTYPE,
       COV_AREA,
       SITEROOM,
     
       
        CASE WHEN VENDOR='ZY0808' THEN 
            '华为'
            WHEN VENDOR='ZY0804' THEN 
            '中兴'
            ELSE 
            ''
       END AS VENDOR, 
       
       EQUIP_TYPE,
       NEWCONF,
       TANK_TYPE,
       CARRIER_TYPE,
       POLE_TYPE,
       CARRIER_NUM,
       CARRIER_USER_NUM,
       TRX_MAX_PWR,
       SDCCH_COUNT,
       TCH_COUNT,
       SDCCH_USER_COUNT,
       ANT_AZIMUTH,
       ANT_MACHANGLE,
       ANT_ELECTANGLE,
       ANT_PITCHANGLE,
       ANT_EQUIPMODULE,
       ANT_TYPE,
       ANT_POLARIZE,
       ANT_HIGH,
       ANT_PLUS,
       LEVEL_POWER,
       APEAK_POWER,
       DESIGN_TIME,
       ANT_COUNT,
       ANT_ADJUST_RANGE,
       FEEDER_TYPE,
       TXFEEDER_LENGTH,
       GONG_ANT,
       GONG_FEEDER,
       GONG_PLANFORM,
       HOPPING_MODE,
       RA,
    
        CASE WHEN IS_OPEN_GPRS=1 THEN 
            '开通'
            WHEN IS_OPEN_GPRS=2 THEN 
            '关闭'
            ELSE 
            ''
       END AS IS_OPEN_GPRS, 
       
               CASE WHEN ISMOVEBYELECT=1 THEN 
                '开通'
                ELSE 
                  ''
       END AS ISMOVEBYELECT, 
      
       CASE WHEN OPEN_FULL_EHRACT=1 THEN 
            '开通'
            WHEN OPEN_FULL_EHRACT=2 THEN 
            '关闭'
            ELSE 
            ''
       END AS OPEN_FULL_EHRACT, 

       MEASUREID,
      
              CASE WHEN MR_BOOLEAN=1 THEN 
            '是'
            WHEN MR_BOOLEAN=0 THEN 
            '否'
            ELSE 
            ''
       END AS MR_BOOLEAN, 
       
       CITY_AREA,

              CASE WHEN ISSHAREANT=1 THEN 
            '是'
            WHEN ISSHAREANT=0 THEN 
            '否'
            ELSE 
            ''
       END AS ISSHAREANT, 
              
       ZFZ_NUM,

        CASE WHEN PROJECT_STATE=0 THEN 
            '规划'
            WHEN PROJECT_STATE=1 THEN 
            '建设'
             WHEN PROJECT_STATE=2 THEN 
            '取消'
             WHEN PROJECT_STATE=3 THEN 
            '暂缓'
             WHEN PROJECT_STATE=4 THEN 
            '正常'
             WHEN PROJECT_STATE=5 THEN 
            '告警'
             WHEN PROJECT_STATE=6 THEN 
            '短期退服'
             WHEN PROJECT_STATE=7 THEN 
            '长期退服'
            ELSE 
            ''
       END AS PROJECT_STATE, 


        CASE 
            WHEN STATE=1 THEN 
            '正常运行'
             WHEN STATE=2 THEN 
            '规划'
             WHEN STATE=3 THEN 
            '存在影响服务质量'
             WHEN STATE=4 THEN 
            '短期退服'
             WHEN STATE=5 THEN 
            '长期退服'
             WHEN STATE=6 THEN 
            '不确定'
            ELSE 
            ''
       END AS STATE, 
              
        CASE 
            WHEN CELL_STATE=1 THEN 
            '现网运行状态'
             WHEN CELL_STATE=2 THEN 
            '新增网元工程状态'
             WHEN CELL_STATE=3 THEN 
            '搬迁工程状态'
             WHEN CELL_STATE=4 THEN 
            '替换工程状态'
             WHEN CELL_STATE=5 THEN 
            '维护工程状态'
             WHEN CELL_STATE=6 THEN 
            '退服状态'
              WHEN CELL_STATE=7 THEN 
            '搬迁退服状态'
              WHEN CELL_STATE=8 THEN 
            '替换退服状态'
              WHEN CELL_STATE=9 THEN 
            '暂时关闭状态'
            ELSE 
            ''
       END AS CELL_STATE,        
       
                 
       GONG_INFO,
       SITE_ID,
       to_date(LAST_UPD_TIME,'yyyy-MM-DD HH24:MI:SS')   LAST_UPD_TIME,
       RELATED_MSC,
       RELATED_BSC,
       RELATED_BTS,
           
       
        CASE WHEN VENDOR='ZY0808' THEN 
            '华为'
            WHEN VENDOR='ZY0804' THEN 
            '中兴'
            ELSE 
            ''
       END AS VENDOR, 
       
       SDCCH_COUNT,
       TCH_COUNT,
       CITY_AREA
  from NE_CELL_G
  
				
					</sql>
			</mapping>
		
		</resolve>
	</to>
	

	<!-- 传输接口, 当只有path属性在时候为本地接口，其他则为远程接口 -->
	<ti id="1" after="1">
		<property name="ftpip">10.0.140.77</property>
		<property name="port">21</property>
		<property name="username">KFXT</property>
		<property name="password">KFXT</property>
		<property name="path">/</property><!--可以配置通配符HUB/WORK/-->
		<property name="encode">utf-8</property>
        </ti>
        
	<t>
		<action id="1" toid="1" tiid="1" strategyid="1"/><!--?????-->
	</t>
	
	<!-- 默认失败不处理  0:正常   1:   2: -->
	<strategy id="1">
		<property name="failure">1,2,3</property>
	</strategy>
	
	<!-- before ,after ,exception -->
	<trigger id="11" class="cn.uway.nbi.task.triggerc.UpdateBean" />
</config>