<publishData>
  <publishTarget publishUrl="F:\WebStatusChange\">
    <file relUrl="bin/NOAP.CommonDataType.dll" publishTime="10/13/2011 11:25:57" />
    <file relUrl="bin/antlr.runtime.dll" publishTime="10/13/2011 11:26:00" />
    <file relUrl="bin/log4net.dll" publishTime="10/13/2011 11:25:59" />
    <file relUrl="bin/NOAP.PTFM.BLL.pdb" publishTime="11/29/2011 11:47:32" />
    <file relUrl="bin/Microsoft.Office.Interop.Graph.dll" publishTime="10/10/2007 09:48:52" />
    <file relUrl="bin/NOAP.PTFM.Model.dll" publishTime="11/29/2011 11:47:30" />
    <file relUrl="bin/Spring.Core.xml" publishTime="10/13/2011 11:25:59" />
    <file relUrl="bin/Common.Logging.dll" publishTime="10/13/2011 11:25:59" />
    <file relUrl="bin/Microsoft.Office.Interop.Excel.dll" publishTime="10/10/2007 09:48:52" />
    <file relUrl="bin/Spring.Aop.xml" publishTime="10/13/2011 11:25:58" />
    <file relUrl="bin/Spring.Aop.pdb" publishTime="10/13/2011 11:25:59" />
    <file relUrl="bin/NOAP.PTFM.Feedback.pdb" publishTime="11/29/2011 11:47:34" />
    <file relUrl="bin/Microsoft.Vbe.Interop.dll" publishTime="10/10/2007 09:48:54" />
    <file relUrl="bin/NOAP.CommonDB.dll" publishTime="10/13/2011 11:25:59" />
    <file relUrl="bin/Spring.Data.dll" publishTime="10/13/2011 11:25:57" />
    <file relUrl="bin/Spring.Services.xml" publishTime="10/13/2011 11:25:58" />
    <file relUrl="bin/Spring.Services.pdb" publishTime="10/13/2011 11:25:59" />
    <file relUrl="bin/Spring.Aop.dll" publishTime="10/13/2011 11:25:59" />
    <file relUrl="bin/Spring.Services.dll" publishTime="10/13/2011 11:25:59" />
    <file relUrl="bin/NOAP.PTFM.Feedback.dll" publishTime="11/29/2011 11:47:34" />
    <file relUrl="bin/Spring.Data.xml" publishTime="10/13/2011 11:26:00" />
    <file relUrl="bin/MySql.Data.dll" publishTime="10/13/2011 11:25:57" />
    <file relUrl="bin/Spring.Core.dll" publishTime="10/13/2011 11:25:59" />
    <file relUrl="bin/NOAP.Common.dll" publishTime="10/13/2011 11:25:59" />
    <file relUrl="bin/office.dll" publishTime="10/10/2007 09:48:54" />
    <file relUrl="bin/NOAP.PTFM.Model.pdb" publishTime="11/29/2011 11:47:28" />
    <file relUrl="bin/NOAP.PTFM.Common.pdb" publishTime="11/29/2011 11:47:26" />
    <file relUrl="bin/NOAP.PTFM.Common.dll" publishTime="11/29/2011 11:47:26" />
    <file relUrl="StatusChange.asmx" publishTime="11/16/2011 15:09:12" />
    <file relUrl="bin/Spring.Core.pdb" publishTime="10/13/2011 11:25:59" />
    <file relUrl="Web.config" publishTime="11/21/2011 17:29:12" />
    <file relUrl="bin/NOAP.PTFM.DAL.dll" publishTime="11/29/2011 11:47:31" />
    <file relUrl="bin/Spring.Data.pdb" publishTime="10/13/2011 11:26:00" />
    <file relUrl="bin/Sybase.Data.AseClient.dll" publishTime="10/13/2011 11:25:58" />
    <file relUrl="bin/NOAP.PTFM.DAL.pdb" publishTime="11/29/2011 11:47:31" />
    <file relUrl="bin/NOAP.PTFM.BLL.dll" publishTime="11/29/2011 11:47:33" />
    <file relUrl="bin/Microsoft.Office.Interop.Word.dll" publishTime="10/10/2007 09:48:54" />
  </publishTarget>
  <publishTarget publishUrl="F:\WebSite\">
    <file relUrl="bin/NOAP.CommonDataType.dll" publishTime="10/13/2011 11:25:57" />
    <file relUrl="bin/antlr.runtime.dll" publishTime="10/13/2011 11:26:00" />
    <file relUrl="bin/log4net.dll" publishTime="10/13/2011 11:25:59" />
    <file relUrl="bin/NOAP.PTFM.BLL.pdb" publishTime="11/21/2011 18:21:05" />
    <file relUrl="bin/Microsoft.Office.Interop.Graph.dll" publishTime="10/10/2007 09:48:52" />
    <file relUrl="bin/NOAP.PTFM.Model.dll" publishTime="11/21/2011 18:21:02" />
    <file relUrl="bin/Spring.Core.xml" publishTime="10/13/2011 11:25:59" />
    <file relUrl="bin/Common.Logging.dll" publishTime="10/13/2011 11:25:59" />
    <file relUrl="bin/Spring.Aop.xml" publishTime="10/13/2011 11:25:58" />
    <file relUrl="bin/Spring.Aop.pdb" publishTime="10/13/2011 11:25:59" />
    <file relUrl="bin/NOAP.PTFM.Feedback.pdb" publishTime="11/21/2011 18:21:07" />
    <file relUrl="bin/Microsoft.Vbe.Interop.dll" publishTime="10/10/2007 09:48:54" />
    <file relUrl="bin/NOAP.CommonDB.dll" publishTime="10/13/2011 11:25:59" />
    <file relUrl="bin/Spring.Data.dll" publishTime="10/13/2011 11:25:57" />
    <file relUrl="bin/Spring.Services.pdb" publishTime="10/13/2011 11:25:59" />
    <file relUrl="bin/Spring.Aop.dll" publishTime="10/13/2011 11:25:59" />
    <file relUrl="bin/Spring.Services.dll" publishTime="10/13/2011 11:25:59" />
    <file relUrl="bin/Spring.Data.xml" publishTime="10/13/2011 11:26:00" />
    <file relUrl="bin/Spring.Services.xml" publishTime="10/13/2011 11:25:58" />
    <file relUrl="bin/Spring.Core.dll" publishTime="10/13/2011 11:25:59" />
    <file relUrl="bin/NOAP.Common.dll" publishTime="10/13/2011 11:25:59" />
    <file relUrl="bin/office.dll" publishTime="10/10/2007 09:48:54" />
    <file relUrl="bin/NOAP.PTFM.Feedback.dll" publishTime="11/21/2011 18:21:07" />
    <file relUrl="bin/NOAP.PTFM.Model.pdb" publishTime="11/21/2011 18:21:02" />
    <file relUrl="bin/MySql.Data.dll" publishTime="10/13/2011 11:25:57" />
    <file relUrl="bin/NOAP.PTFM.Common.pdb" publishTime="11/21/2011 18:21:01" />
    <file relUrl="bin/NOAP.PTFM.Common.dll" publishTime="11/21/2011 18:21:01" />
    <file relUrl="StatusChange.asmx" publishTime="11/16/2011 15:09:12" />
    <file relUrl="bin/Spring.Core.pdb" publishTime="10/13/2011 11:25:59" />
    <file relUrl="Web.config" publishTime="11/21/2011 17:29:12" />
    <file relUrl="bin/NOAP.PTFM.DAL.dll" publishTime="11/21/2011 18:21:03" />
    <file relUrl="bin/Spring.Data.pdb" publishTime="10/13/2011 11:26:00" />
    <file relUrl="bin/Sybase.Data.AseClient.dll" publishTime="10/13/2011 11:25:58" />
    <file relUrl="bin/NOAP.PTFM.DAL.pdb" publishTime="11/21/2011 18:21:03" />
    <file relUrl="bin/NOAP.PTFM.BLL.dll" publishTime="11/21/2011 18:21:05" />
    <file relUrl="bin/Microsoft.Office.Interop.Excel.dll" publishTime="10/10/2007 09:48:52" />
    <file relUrl="bin/Microsoft.Office.Interop.Word.dll" publishTime="10/10/2007 09:48:54" />
  </publishTarget>
</publishData>